source,sink,freq
/bin/bash,/dev/null,36
/bin/bash,/home/local/ASUAD/lhuan139/.vscode-server/.6c3e3dba23e8fadc360aed75ce363ba185c49794.log,252
/bin/date,/run/motd.dynamic.new,9
/bin/sh,/dev/null,198
/bin/sh,/run/motd.dynamic.new,9
/etc/update-motd.d/00-header,/run/motd.dynamic.new,9
/etc/update-motd.d/10-help-text,/run/motd.dynamic.new,36
/etc/update-motd.d/50-landscape-sysinfo,/run/motd.dynamic.new,27
/home/local/ASUAD/lhuan139/.vscode-server/bin/6c3e3dba23e8fadc360aed75ce363ba185c49794/node,/dev/ptmx,54
/home/local/ASUAD/lhuan139/.vscode-server/bin/6c3e3dba23e8fadc360aed75ce363ba185c49794/node,/home/local/ASUAD/lhuan139/.local/share/jupyter/runtime/***,36
/home/local/ASUAD/lhuan139/.vscode-server/bin/6c3e3dba23e8fadc360aed75ce363ba185c49794/node,/home/local/ASUAD/lhuan139/.local/share/jupyter/runtime/kernel-**,36
/home/local/ASUAD/lhuan139/.vscode-server/bin/6c3e3dba23e8fadc360aed75ce363ba185c49794/node,/home/local/ASUAD/lhuan139/.local/share/jupyter/runtime/kernel-v2-*,12
/home/local/ASUAD/lhuan139/.vscode-server/bin/6c3e3dba23e8fadc360aed75ce363ba185c49794/node,/home/local/ASUAD/lhuan139/.vscode-server/**,7698
/home/local/ASUAD/lhuan139/.vscode-server/bin/6c3e3dba23e8fadc360aed75ce363ba185c49794/node,/home/local/ASUAD/lhuan139/.vscode-server/.6c3e3dba23e8fadc360aed75ce363ba185c49794.log,486
/home/local/ASUAD/lhuan139/.vscode-server/bin/6c3e3dba23e8fadc360aed75ce363ba185c49794/node,/home/local/ASUAD/lhuan139/.vscode-server/data/**,469
/home/local/ASUAD/lhuan139/.vscode-server/bin/6c3e3dba23e8fadc360aed75ce363ba185c49794/node,/home/local/ASUAD/lhuan139/.vscode-server/data/User/*/*,448
/home/local/ASUAD/lhuan139/.vscode-server/bin/6c3e3dba23e8fadc360aed75ce363ba185c49794/node,/home/local/ASUAD/lhuan139/.vscode-server/data/logs/20240129T204640/**,456
/home/local/ASUAD/lhuan139/.vscode-server/bin/6c3e3dba23e8fadc360aed75ce363ba185c49794/node,/home/local/ASUAD/lhuan139/.vscode-server/data/logs/20240129T204640/exthost1/ms-python.black-formatter/Black Formatter.log,3096
/home/local/ASUAD/lhuan139/.vscode-server/bin/6c3e3dba23e8fadc360aed75ce363ba185c49794/node,/home/local/ASUAD/lhuan139/.vscode-server/data/logs/20240129T204640/exthost1/ms-python.python/***,70
/home/local/ASUAD/lhuan139/.vscode-server/bin/6c3e3dba23e8fadc360aed75ce363ba185c49794/node,/home/local/ASUAD/lhuan139/.vscode-server/data/logs/20240129T204640/exthost1/ms-python.python/Python Language Server.log,34
/home/local/ASUAD/lhuan139/.vscode-server/bin/6c3e3dba23e8fadc360aed75ce363ba185c49794/node,/home/local/ASUAD/lhuan139/.vscode-server/data/logs/20240129T204640/exthost1/ms-python.python/Python.log,106
/home/local/ASUAD/lhuan139/.vscode-server/bin/6c3e3dba23e8fadc360aed75ce363ba185c49794/node,/home/local/ASUAD/lhuan139/.vscode-server/data/logs/20240129T204640/exthost1/output_logging_20240129T204642/1-GitHub Copilot.log,2582
/home/local/ASUAD/lhuan139/.vscode-server/bin/6c3e3dba23e8fadc360aed75ce363ba185c49794/node,/home/local/ASUAD/lhuan139/.vscode-server/data/logs/20240129T204640/exthost1/*-GitHubCopilot*,134
/home/local/ASUAD/lhuan139/.vscode-server/bin/6c3e3dba23e8fadc360aed75ce363ba185c49794/node,/home/local/ASUAD/lhuan139/.vscode-server/data/logs/20240129T204640/exthost1/output_logging_20240129T204642/5-Jupyter.log,482
/home/local/ASUAD/lhuan139/.vscode-server/bin/6c3e3dba23e8fadc360aed75ce363ba185c49794/node,/home/local/ASUAD/lhuan139/.vscode-server/data/logs/20240129T204640/exthost1/output_logging_20240129T204642/6-Jupyter Server Console.log,3
/home/local/ASUAD/lhuan139/.vscode-server/bin/6c3e3dba23e8fadc360aed75ce363ba185c49794/node,/home/local/ASUAD/lhuan139/.vscode-server/data/logs/20240129T204640/exthost1/output_logging_20240129T204642/7-Python Test Log.log,3
/home/local/ASUAD/lhuan139/.vscode-server/bin/6c3e3dba23e8fadc360aed75ce363ba185c49794/node,/home/local/ASUAD/lhuan139/.vscode-server/data/logs/20240129T204640/exthost1/remoteexthost.log,108
/home/local/ASUAD/lhuan139/.vscode-server/bin/6c3e3dba23e8fadc360aed75ce363ba185c49794/node,/home/local/ASUAD/lhuan139/.vscode-server/data/logs/20240129T204640/exthost1/*/*,322
/home/local/ASUAD/lhuan139/.vscode-server/bin/6c3e3dba23e8fadc360aed75ce363ba185c49794/node,/home/local/ASUAD/lhuan139/.vscode-server/data/logs/20240129T204640/*,21
/home/local/ASUAD/lhuan139/.vscode-server/bin/6c3e3dba23e8fadc360aed75ce363ba185c49794/node,/home/local/ASUAD/lhuan139/.vscode-server/extensions/ms-toolsai.jupyter-2023.7.1002162226-linux-x64/temp/scripts/c872ac91a76e9dd874e68ba080d8494f2da8fee73e1955ddd5c8ea626c338ad3/****,1460
/home/local/ASUAD/lhuan139/.vscode-server/bin/6c3e3dba23e8fadc360aed75ce363ba185c49794/node,/home/local/ASUAD/lhuan139/.vscode-server/extensions/ms-toolsai.jupyter-2023.7.1002162226-linux-x64/temp/scripts/c872ac91a76e9dd874e68ba080d8494f2da8fee73e1955ddd5c8ea626c338ad3/jupyter/***,876
/home/local/ASUAD/lhuan139/.vscode-server/bin/6c3e3dba23e8fadc360aed75ce363ba185c49794/node,/home/local/ASUAD/lhuan139/.vscode-server/extensions/ms-toolsai.jupyter-2023.7.1002162226-linux-x64/temp/scripts/c872ac91a76e9dd874e68ba080d8494f2da8fee73e1955ddd5c8ea626c338ad3/jupyter/nbextensions/pydeck/*,292
/home/local/ASUAD/lhuan139/.vscode-server/bin/6c3e3dba23e8fadc360aed75ce363ba185c49794/node,/home/local/ASUAD/lhuan139/Dropbox (ASU,2277
/home/local/ASUAD/lhuan139/.vscode-server/bin/6c3e3dba23e8fadc360aed75ce363ba185c49794/node,/tmp/*-**,14
/home/local/ASUAD/lhuan139/.vscode-server/bin/6c3e3dba23e8fadc360aed75ce363ba185c49794/node,/tmp/kernel-v2-*,6
/home/local/ASUAD/lhuan139/.vscode-server/bin/6c3e3dba23e8fadc360aed75ce363ba185c49794/node,/tmp/kernel-v2-209203EIVuERM3rajS.json,2
/home/local/ASUAD/lhuan139/.vscode-server/bin/6c3e3dba23e8fadc360aed75ce363ba185c49794/node,/tmp/kernel-v2-209203MzyF37MmcXxU.json,2
/home/local/ASUAD/lhuan139/.vscode-server/bin/6c3e3dba23e8fadc360aed75ce363ba185c49794/node,/tmp/kernel-v2-209203Rh3Bkvng0eq8.json,2
/home/local/ASUAD/lhuan139/.vscode-server/bin/6c3e3dba23e8fadc360aed75ce363ba185c49794/node,/tmp/kernel-v2-209203VXb4z4BM1O7q.json,2
/home/local/ASUAD/lhuan139/.vscode-server/bin/6c3e3dba23e8fadc360aed75ce363ba185c49794/node,/tmp/kernel-v2-209203pH0311732YbE.json,2
/home/local/ASUAD/lhuan139/.vscode-server/bin/6c3e3dba23e8fadc360aed75ce363ba185c49794/node,/tmp/kernel-v2-209203pdLuzb2mckKB.json,2
/home/local/ASUAD/lhuan139/.vscode-server/bin/6c3e3dba23e8fadc360aed75ce363ba185c49794/node,/tmp/pyright-210367-*/*-*,7
/home/local/ASUAD/lhuan139/.vscode-server/bin/6c3e3dba23e8fadc360aed75ce363ba185c49794/node,/tmp/pyright-210367-I4JL7tUJUX1Z/builtins-210367-f7O646yHlFom-.py,18
/home/local/ASUAD/lhuan139/.vscode-server/bin/6c3e3dba23e8fadc360aed75ce363ba185c49794/node,/tmp/pyright-210367-I4JL7tUJUX1Z/e99197760c54f32cce9a4a264356079007e2cccfd0-a,6
/home/local/ASUAD/lhuan139/.vscode-server/bin/6c3e3dba23e8fadc360aed75ce363ba185c49794/node,/tmp/pyright-210367-k2JShFhYpNeD/2acf34282cc3a3407359a459416f29617ec54acc31-a,9
/home/local/ASUAD/lhuan139/.vscode-server/bin/6c3e3dba23e8fadc360aed75ce363ba185c49794/node,/tmp/pyright-210367-rFa0hisOdL6L/c3405b981ac0d2ba3da2d8b5df0145d18e584654b2-a,6
/home/local/ASUAD/lhuan139/.vscode-server/bin/6c3e3dba23e8fadc360aed75ce363ba185c49794/node,/tmp/python-languageserver-**,181
/home/local/ASUAD/lhuan139/.vscode-server/bin/6c3e3dba23e8fadc360aed75ce363ba185c49794/node,/tmp/python-languageserver-cancellation/50364fe304b01df7f87b703c6679dee49ddef34bf5/*,71
/home/local/ASUAD/lhuan139/.vscode-server/bin/6c3e3dba23e8fadc360aed75ce363ba185c49794/node,/tmp/python-languageserver-cancellation/50364fe304b01df7f87b703c6679dee49ddef34bf5/cancellation-*,39
/home/local/ASUAD/lhuan139/.vscode-server/bin/6c3e3dba23e8fadc360aed75ce363ba185c49794/node,ASU,2268
/ssd2/liangyi/miniconda/bin/conda,/dev/shm/3J4h3n,18
/ssd2/liangyi/miniconda/bin/conda,/dev/shm/ro6cpp,18
/ssd2/liangyi/miniconda/bin/conda,/ssd2/liangyi/miniconda/conda-meta/history,135
/ssd2/liangyi/miniconda/bin/conda,/tmp/*,66
/ssd2/liangyi/miniconda/bin/conda,/tmp/0ikhfdsg,18
/ssd2/liangyi/miniconda/bin/conda,/tmp/f7t7uo41,12
/ssd2/liangyi/miniconda/bin/conda,/tmp/mpxwu2dt,12
/ssd2/liangyi/miniconda/bin/conda,/tmp/nc84qxe1,12
/ssd2/liangyi/miniconda/bin/conda,/tmp/svg6e0nx,12
/ssd2/liangyi/miniconda/bin/conda,/tmp/tmp7xqn1vgw,12
/ssd2/liangyi/miniconda/bin/conda,/tmp/tmpbx12od0s,12
/ssd2/liangyi/miniconda/bin/conda,/tmp/tmpfl3_a7eo,12
/ssd2/liangyi/miniconda/bin/conda,/tmp/tmphj6_ackn,12
/ssd2/liangyi/miniconda/bin/conda,/tmp/tmpqq2n9up1,12
/ssd2/liangyi/miniconda/bin/conda,/tmp/tmpu_ex3qzq,12
/ssd2/liangyi/miniconda/bin/conda,/tmp/zhujpooz,12
/ssd2/liangyi/miniconda/bin/python,/proc/self/task/210324/comm,18
/ssd2/liangyi/miniconda/envs/gpupower/bin/python,/home/local/ASUAD/lhuan139/.ipython/profile_default/db/dhist,108
/ssd2/liangyi/miniconda/envs/gpupower/bin/python,/tmp/*,24
/ssd2/liangyi/miniconda/envs/gpupower/bin/python,/tmp/5y4fzucq,18
/ssd2/liangyi/miniconda/envs/gpupower/bin/python,/tmp/758musct,18
/ssd2/liangyi/miniconda/envs/gpupower/bin/python,/tmp/fecdpdku,12
/ssd2/liangyi/miniconda/envs/gpupower/bin/python,/tmp/p73jgimq,12
/ssd2/liangyi/miniconda/envs/gpupower/bin/python,/tmp/pip-install-4ogjdm9i/docx_beb5e670aab54f30a2d6c982da8fbb9d/***,98
/ssd2/liangyi/miniconda/envs/gpupower/bin/python,/tmp/pip-install-4ogjdm9i/docx_beb5e670aab54f30a2d6c982da8fbb9d/build/bdist.linux-x86_64/**,59
/ssd2/liangyi/miniconda/envs/gpupower/bin/python,/tmp/pip-install-4ogjdm9i/docx_beb5e670aab54f30a2d6c982da8fbb9d/build/bdist.linux-x86_64/wheel/*,7
/ssd2/liangyi/miniconda/envs/gpupower/bin/python,/tmp/pip-install-4ogjdm9i/docx_beb5e670aab54f30a2d6c982da8fbb9d/build/bdist.linux-x86_64/wheel/docx-0.2.4-py3.9.egg-**,30
/ssd2/liangyi/miniconda/envs/gpupower/bin/python,/tmp/pip-install-4ogjdm9i/docx_beb5e670aab54f30a2d6c982da8fbb9d/build/bdist.linux-x86_64/wheel/docx-0.2.4-py3.9.egg-info/*-*,10
/ssd2/liangyi/miniconda/envs/gpupower/bin/python,/tmp/pip-install-4ogjdm9i/docx_beb5e670aab54f30a2d6c982da8fbb9d/build/bdist.linux-x86_64/wheel/docx-0.2.4.data/data/***,61
/ssd2/liangyi/miniconda/envs/gpupower/bin/python,/tmp/pip-install-4ogjdm9i/docx_beb5e670aab54f30a2d6c982da8fbb9d/build/bdist.linux-x86_64/wheel/docx-0.2.4.data/data/docx-template,52
/ssd2/liangyi/miniconda/envs/gpupower/bin/python,/tmp/pip-install-4ogjdm9i/docx_beb5e670aab54f30a2d6c982da8fbb9d/build/bdist.linux-x86_64/wheel/docx-0.2.4.data/data/docx-template/*/*,18
/ssd2/liangyi/miniconda/envs/gpupower/bin/python,/tmp/pip-install-4ogjdm9i/docx_beb5e670aab54f30a2d6c982da8fbb9d/build/bdist.linux-x86_64/wheel/docx-0.2.4.data/data/docx-template/word/theme/theme1.xml,21
/ssd2/liangyi/miniconda/envs/gpupower/bin/python,/tmp/pip-install-4ogjdm9i/docx_beb5e670aab54f30a2d6c982da8fbb9d/build/bdist.linux-x86_64/wheel/docx-0.2.4.dist-info,30
/ssd2/liangyi/miniconda/envs/gpupower/bin/python,/tmp/pip-install-4ogjdm9i/docx_beb5e670aab54f30a2d6c982da8fbb9d/build/lib/docx.py,24
/ssd2/liangyi/miniconda/envs/gpupower/bin/python,/tmp/pip-install-4ogjdm9i/docx_beb5e670aab54f30a2d6c982da8fbb9d/docx.egg-**,22
/ssd2/liangyi/miniconda/envs/gpupower/bin/python,/tmp/pip-install-4ogjdm9i/docx_beb5e670aab54f30a2d6c982da8fbb9d/docx.egg-info/*,8
/ssd2/liangyi/miniconda/envs/gpupower/bin/python,/tmp/pip-install-4ogjdm9i/docx_beb5e670aab54f30a2d6c982da8fbb9d/docx.egg-info/PKG-INFO,6
/ssd2/liangyi/miniconda/envs/gpupower/bin/python,/tmp/pip-pip-egg-info-fr7sbop4/***,31
/ssd2/liangyi/miniconda/envs/gpupower/bin/python,/tmp/pip-pip-egg-info-fr7sbop4/docx.egg-**,27
/ssd2/liangyi/miniconda/envs/gpupower/bin/python,/tmp/pip-pip-egg-info-fr7sbop4/docx.egg-info/*,9
/ssd2/liangyi/miniconda/envs/gpupower/bin/python,/tmp/pip-pip-egg-info-fr7sbop4/docx.egg-info/PKG-INFO,14
/ssd2/liangyi/miniconda/envs/gpupower/bin/python,/tmp/pip-wheel-nbmbzntw/docx-0.2.4-py3-none-any.whl,261
/ssd2/liangyi/miniconda/envs/gpupower/bin/python,/tmp/ql76n674,12
/ssd2/liangyi/miniconda/envs/gpupower/bin/python,/tmp/x416y12k,12
/usr/bin/apt-config,/dev/null,45
/usr/bin/bash,/home/local/ASUAD/**,8
/usr/bin/bash,/home/local/ASUAD/lhuan139/.vscode-*,4
/usr/bin/bash,/home/local/ASUAD/lhuan139/.vscode-server/bin/6c3e3dba23e8fadc360aed75ce363ba185c49794/vscode-remote-lock.lhuan139.6c3e3dba23e8fadc360aed75ce363ba185c49794,9
/usr/bin/bash,/tmp/sh-thd.VxBn36,27
/usr/bin/cat,/run/motd.dynamic.new,45
/usr/bin/git,/ssd2/liangyi/dropbox/*/FETCH_HEAD,120
/usr/bin/landscape-package-reporter,/tmp/*,14754
/usr/bin/landscape-package-reporter,/tmp/*t,126
/usr/bin/landscape-package-reporter,/tmp/clearsigned.message.*,19344
/usr/bin/landscape-package-reporter,/tmp/clearsigned.message.1vtICq,396
/usr/bin/landscape-package-reporter,/tmp/clearsigned.message.2EVe3b,174
/usr/bin/landscape-package-reporter,/tmp/clearsigned.message.2SkvOp,396
/usr/bin/landscape-package-reporter,/tmp/clearsigned.message.2ts3Wc,174
/usr/bin/landscape-package-reporter,/tmp/clearsigned.message.2zPUrb,72
/usr/bin/landscape-package-reporter,/tmp/clearsigned.message.30RcRt,396
/usr/bin/landscape-package-reporter,/tmp/clearsigned.message.3DmIY9,174
/usr/bin/landscape-package-reporter,/tmp/clearsigned.message.3bvsj8,396
/usr/bin/landscape-package-reporter,/tmp/clearsigned.message.3xagLq,174
/usr/bin/landscape-package-reporter,/tmp/clearsigned.message.3ymoXt,396
/usr/bin/landscape-package-reporter,/tmp/clearsigned.message.4AG0ac,396
/usr/bin/landscape-package-reporter,/tmp/clearsigned.message.4IXLt9,396
/usr/bin/landscape-package-reporter,/tmp/clearsigned.message.4q5T2a,396
/usr/bin/landscape-package-reporter,/tmp/clearsigned.message.4qd2Ha,396
/usr/bin/landscape-package-reporter,/tmp/clearsigned.message.4zDMY9,174
/usr/bin/landscape-package-reporter,/tmp/clearsigned.message.50vtKp,186
/usr/bin/landscape-package-reporter,/tmp/clearsigned.message.51GZwb,186
/usr/bin/landscape-package-reporter,/tmp/clearsigned.message.5vbRv8,174
/usr/bin/landscape-package-reporter,/tmp/clearsigned.message.65IGqc,396
/usr/bin/landscape-package-reporter,/tmp/clearsigned.message.6LKDY8,396
/usr/bin/landscape-package-reporter,/tmp/clearsigned.message.6OvPo7,72
/usr/bin/landscape-package-reporter,/tmp/clearsigned.message.6akDJb,396
/usr/bin/landscape-package-reporter,/tmp/clearsigned.message.70I3r7,12
/usr/bin/landscape-package-reporter,/tmp/clearsigned.message.7F7FI9,396
/usr/bin/landscape-package-reporter,/tmp/clearsigned.message.7JdTk9,186
/usr/bin/landscape-package-reporter,/tmp/clearsigned.message.7P7TM9,174
/usr/bin/landscape-package-reporter,/tmp/clearsigned.message.7YLkTt,174
/usr/bin/landscape-package-reporter,/tmp/clearsigned.message.7sI5xp,174
/usr/bin/landscape-package-reporter,/tmp/clearsigned.message.7uamAb,396
/usr/bin/landscape-package-reporter,/tmp/clearsigned.message.8EJ5Bq,396
/usr/bin/landscape-package-reporter,/tmp/clearsigned.message.8KE78t,396
/usr/bin/landscape-package-reporter,/tmp/clearsigned.message.8aX02s,174
/usr/bin/landscape-package-reporter,/tmp/clearsigned.message.8e3tb9,72
/usr/bin/landscape-package-reporter,/tmp/clearsigned.message.8sh2zb,174
/usr/bin/landscape-package-reporter,/tmp/clearsigned.message.9E4Hg9,396
/usr/bin/landscape-package-reporter,/tmp/clearsigned.message.9PhNw8,396
/usr/bin/landscape-package-reporter,/tmp/clearsigned.message.9Zvnx9,396
/usr/bin/landscape-package-reporter,/tmp/clearsigned.message.9y00sr,396
/usr/bin/landscape-package-reporter,/tmp/clearsigned.message.ABYIc9,198
/usr/bin/landscape-package-reporter,/tmp/clearsigned.message.AYDkK9,198
/usr/bin/landscape-package-reporter,/tmp/clearsigned.message.Azlfb9,198
/usr/bin/landscape-package-reporter,/tmp/clearsigned.message.B7N5w7,198
/usr/bin/landscape-package-reporter,/tmp/clearsigned.message.B9IJO8,198
/usr/bin/landscape-package-reporter,/tmp/clearsigned.message.BsESwr,87
/usr/bin/landscape-package-reporter,/tmp/clearsigned.message.CSFVO7,198
/usr/bin/landscape-package-reporter,/tmp/clearsigned.message.CTygYb,198
/usr/bin/landscape-package-reporter,/tmp/clearsigned.message.CdZhJ9,198
/usr/bin/landscape-package-reporter,/tmp/clearsigned.message.CuGwyb,198
/usr/bin/landscape-package-reporter,/tmp/clearsigned.message.D0M3Fa,198
/usr/bin/landscape-package-reporter,/tmp/clearsigned.message.D4bqHa,87
/usr/bin/landscape-package-reporter,/tmp/clearsigned.message.D9upYa,87
/usr/bin/landscape-package-reporter,/tmp/clearsigned.message.DYkpTs,198
/usr/bin/landscape-package-reporter,/tmp/clearsigned.message.DaYB0r,198
/usr/bin/landscape-package-reporter,/tmp/clearsigned.message.Dv2K8q,6
/usr/bin/landscape-package-reporter,/tmp/clearsigned.message.EBSpV7,198
/usr/bin/landscape-package-reporter,/tmp/clearsigned.message.EW0Irb,198
/usr/bin/landscape-package-reporter,/tmp/clearsigned.message.Eze4n9,198
/usr/bin/landscape-package-reporter,/tmp/clearsigned.message.F4yQwp,36
/usr/bin/landscape-package-reporter,/tmp/clearsigned.message.F58QO8,87
/usr/bin/landscape-package-reporter,/tmp/clearsigned.message.G46g3r,198
/usr/bin/landscape-package-reporter,/tmp/clearsigned.message.G87oAr,198
/usr/bin/landscape-package-reporter,/tmp/clearsigned.message.GKVO08,87
/usr/bin/landscape-package-reporter,/tmp/clearsigned.message.Gmjcya,87
/usr/bin/landscape-package-reporter,/tmp/clearsigned.message.HYHZVs,198
/usr/bin/landscape-package-reporter,/tmp/clearsigned.message.Hbg7za,198
/usr/bin/landscape-package-reporter,/tmp/clearsigned.message.JHZ1Mt,198
/usr/bin/landscape-package-reporter,/tmp/clearsigned.message.JSdDBt,36
/usr/bin/landscape-package-reporter,/tmp/clearsigned.message.KFuRj9,36
/usr/bin/landscape-package-reporter,/tmp/clearsigned.message.KcRpka,87
/usr/bin/landscape-package-reporter,/tmp/clearsigned.message.KrdrKq,6
/usr/bin/landscape-package-reporter,/tmp/clearsigned.message.LJ09Qa,36
/usr/bin/landscape-package-reporter,/tmp/clearsigned.message.LJlLya,198
/usr/bin/landscape-package-reporter,/tmp/clearsigned.message.LUoOir,198
/usr/bin/landscape-package-reporter,/tmp/clearsigned.message.Lc06Qr,198
/usr/bin/landscape-package-reporter,/tmp/clearsigned.message.MEbsWa,93
/usr/bin/landscape-package-reporter,/tmp/clearsigned.message.MM50ks,198
/usr/bin/landscape-package-reporter,/tmp/clearsigned.message.Mb7cZb,87
/usr/bin/landscape-package-reporter,/tmp/clearsigned.message.N6LY5r,87
/usr/bin/landscape-package-reporter,/tmp/clearsigned.message.NUmC3q,198
/usr/bin/landscape-package-reporter,/tmp/clearsigned.message.NkRUnr,198
/usr/bin/landscape-package-reporter,/tmp/clearsigned.message.Nrvt1r,198
/usr/bin/landscape-package-reporter,/tmp/clearsigned.message.OsQ4t9,198
/usr/bin/landscape-package-reporter,/tmp/clearsigned.message.PIeDc9,6
/usr/bin/landscape-package-reporter,/tmp/clearsigned.message.PRHUz8,198
/usr/bin/landscape-package-reporter,/tmp/clearsigned.message.Q0Ntgb,87
/usr/bin/landscape-package-reporter,/tmp/clearsigned.message.QBKU38,198
/usr/bin/landscape-package-reporter,/tmp/clearsigned.message.QZrATq,6
/usr/bin/landscape-package-reporter,/tmp/clearsigned.message.Qz79pq,198
/usr/bin/landscape-package-reporter,/tmp/clearsigned.message.RCB1K8,6
/usr/bin/landscape-package-reporter,/tmp/clearsigned.message.RscFKq,198
/usr/bin/landscape-package-reporter,/tmp/clearsigned.message.SL8Ls8,87
/usr/bin/landscape-package-reporter,/tmp/clearsigned.message.URqxv9,87
/usr/bin/landscape-package-reporter,/tmp/clearsigned.message.VczILr,87
/usr/bin/landscape-package-reporter,/tmp/clearsigned.message.VzTiv8,198
/usr/bin/landscape-package-reporter,/tmp/clearsigned.message.WEa9Ea,198
/usr/bin/landscape-package-reporter,/tmp/clearsigned.message.WGGxfb,93
/usr/bin/landscape-package-reporter,/tmp/clearsigned.message.X0yIUp,87
/usr/bin/landscape-package-reporter,/tmp/clearsigned.message.X3PpF7,198
/usr/bin/landscape-package-reporter,/tmp/clearsigned.message.XDCRsc,198
/usr/bin/landscape-package-reporter,/tmp/clearsigned.message.XKoQra,198
/usr/bin/landscape-package-reporter,/tmp/clearsigned.message.XM5hja,198
/usr/bin/landscape-package-reporter,/tmp/clearsigned.message.XMQ418,93
/usr/bin/landscape-package-reporter,/tmp/clearsigned.message.XNFgYa,93
/usr/bin/landscape-package-reporter,/tmp/clearsigned.message.XeRrVq,87
/usr/bin/landscape-package-reporter,/tmp/clearsigned.message.XsCEQb,6
/usr/bin/landscape-package-reporter,/tmp/clearsigned.message.ZjTBTq,198
/usr/bin/landscape-package-reporter,/tmp/clearsigned.message.ZxAGLq,93
/usr/bin/landscape-package-reporter,/tmp/clearsigned.message.aUdtMb,174
/usr/bin/landscape-package-reporter,/tmp/clearsigned.message.asfDtr,396
/usr/bin/landscape-package-reporter,/tmp/clearsigned.message.bWigUt,174
/usr/bin/landscape-package-reporter,/tmp/clearsigned.message.cUFKO9,12
/usr/bin/landscape-package-reporter,/tmp/clearsigned.message.dbhUg9,396
/usr/bin/landscape-package-reporter,/tmp/clearsigned.message.dtli07,174
/usr/bin/landscape-package-reporter,/tmp/clearsigned.message.dtnSPr,72
/usr/bin/landscape-package-reporter,/tmp/clearsigned.message.dtz5ls,396
/usr/bin/landscape-package-reporter,/tmp/clearsigned.message.e0qR0t,174
/usr/bin/landscape-package-reporter,/tmp/clearsigned.message.eBzPd8,186
/usr/bin/landscape-package-reporter,/tmp/clearsigned.message.eJjOva,396
/usr/bin/landscape-package-reporter,/tmp/clearsigned.message.ePcODb,396
/usr/bin/landscape-package-reporter,/tmp/clearsigned.message.eowsVa,396
/usr/bin/landscape-package-reporter,/tmp/clearsigned.message.eqvUY7,396
/usr/bin/landscape-package-reporter,/tmp/clearsigned.message.f1Qkqs,396
/usr/bin/landscape-package-reporter,/tmp/clearsigned.message.fn5E6t,186
/usr/bin/landscape-package-reporter,/tmp/clearsigned.message.g0V5d9,396
/usr/bin/landscape-package-reporter,/tmp/clearsigned.message.gxISua,396
/usr/bin/landscape-package-reporter,/tmp/clearsigned.message.h3AIJb,396
/usr/bin/landscape-package-reporter,/tmp/clearsigned.message.hQljis,186
/usr/bin/landscape-package-reporter,/tmp/clearsigned.message.iHk017,174
/usr/bin/landscape-package-reporter,/tmp/clearsigned.message.iPFHyq,174
/usr/bin/landscape-package-reporter,/tmp/clearsigned.message.ix1RD9,396
/usr/bin/landscape-package-reporter,/tmp/clearsigned.message.j7S7ga,186
/usr/bin/landscape-package-reporter,/tmp/clearsigned.message.kF8aa9,174
/usr/bin/landscape-package-reporter,/tmp/clearsigned.message.kyL6xt,396
/usr/bin/landscape-package-reporter,/tmp/clearsigned.message.kyiRac,174
/usr/bin/landscape-package-reporter,/tmp/clearsigned.message.l1a5Qb,396
/usr/bin/landscape-package-reporter,/tmp/clearsigned.message.l9oIjb,396
/usr/bin/landscape-package-reporter,/tmp/clearsigned.message.lRWFbb,72
/usr/bin/landscape-package-reporter,/tmp/clearsigned.message.lTwxpt,396
/usr/bin/landscape-package-reporter,/tmp/clearsigned.message.lxsBi8,174
/usr/bin/landscape-package-reporter,/tmp/clearsigned.message.ml32ia,396
/usr/bin/landscape-package-reporter,/tmp/clearsigned.message.n0BWi9,174
/usr/bin/landscape-package-reporter,/tmp/clearsigned.message.n98Naa,174
/usr/bin/landscape-package-reporter,/tmp/clearsigned.message.o38Y9a,396
/usr/bin/landscape-package-reporter,/tmp/clearsigned.message.o4M64a,174
/usr/bin/landscape-package-reporter,/tmp/clearsigned.message.oXGjl9,396
/usr/bin/landscape-package-reporter,/tmp/clearsigned.message.ob33zr,72
/usr/bin/landscape-package-reporter,/tmp/clearsigned.message.otiWS7,174
/usr/bin/landscape-package-reporter,/tmp/clearsigned.message.ounS1q,396
/usr/bin/landscape-package-reporter,/tmp/clearsigned.message.pe6EZs,174
/usr/bin/landscape-package-reporter,/tmp/clearsigned.message.puHwNb,396
/usr/bin/landscape-package-reporter,/tmp/clearsigned.message.pxZrk9,396
/usr/bin/landscape-package-reporter,/tmp/clearsigned.message.q9mYya,12
/usr/bin/landscape-package-reporter,/tmp/clearsigned.message.qChOD8,12
/usr/bin/landscape-package-reporter,/tmp/clearsigned.message.qh5iE8,174
/usr/bin/landscape-package-reporter,/tmp/clearsigned.message.qkJOnb,396
/usr/bin/landscape-package-reporter,/tmp/clearsigned.message.qvvWdc,396
/usr/bin/landscape-package-reporter,/tmp/clearsigned.message.r8QUBp,396
/usr/bin/landscape-package-reporter,/tmp/clearsigned.message.rIdEoc,396
/usr/bin/landscape-package-reporter,/tmp/clearsigned.message.rKAYCp,396
/usr/bin/landscape-package-reporter,/tmp/clearsigned.message.sPiSWb,174
/usr/bin/landscape-package-reporter,/tmp/clearsigned.message.szBJrs,396
/usr/bin/landscape-package-reporter,/tmp/clearsigned.message.tw8DUb,396
/usr/bin/landscape-package-reporter,/tmp/clearsigned.message.u84Iea,174
/usr/bin/landscape-package-reporter,/tmp/clearsigned.message.uVIKgr,12
/usr/bin/landscape-package-reporter,/tmp/clearsigned.message.ulV759,396
/usr/bin/landscape-package-reporter,/tmp/clearsigned.message.vCvuxr,396
/usr/bin/landscape-package-reporter,/tmp/clearsigned.message.vjvpYs,174
/usr/bin/landscape-package-reporter,/tmp/clearsigned.message.vlFmbu,174
/usr/bin/landscape-package-reporter,/tmp/clearsigned.message.w0KXm9,396
/usr/bin/landscape-package-reporter,/tmp/clearsigned.message.wAhsX9,174
/usr/bin/landscape-package-reporter,/tmp/clearsigned.message.wit1Gb,174
/usr/bin/landscape-package-reporter,/tmp/clearsigned.message.ws6sKb,396
/usr/bin/landscape-package-reporter,/tmp/clearsigned.message.x2Iuzb,396
/usr/bin/landscape-package-reporter,/tmp/clearsigned.message.xSW9w8,396
/usr/bin/landscape-package-reporter,/tmp/clearsigned.message.xcpDub,396
/usr/bin/landscape-package-reporter,/tmp/clearsigned.message.yaLXbq,174
/usr/bin/landscape-package-reporter,/tmp/clearsigned.message.yz4ev7,396
/usr/bin/landscape-package-reporter,/tmp/clearsigned.message.z8nITa,12
/usr/bin/landscape-package-reporter,/tmp/clearsigned.message.zdr74a,72
/usr/bin/landscape-package-reporter,/tmp/clearsigned.message.zqC6Y7,72
/usr/bin/landscape-package-reporter,/var/log/landscape/package-reporter.log,27
/usr/bin/landscape-sysinfo,/run/motd.dynamic.new,9
/usr/bin/landscape-sysinfo,/var/log/landscape/sysinfo.log,9
/usr/bin/lsb_release,/dev/null,36
/usr/bin/mktemp,/var/lib/update-notifier/tmp.rLLC7835nh,9
/usr/bin/nvtop,/home/local/ASUAD/lhuan139/.vscode-server/.6c3e3dba23e8fadc360aed75ce363ba185c49794.log,31815
/usr/bin/python3,/home/local/ASUAD/lhuan139/.cache/**,4
/usr/bin/python3,/home/local/ASUAD/lhuan139/.cache/black/23.10.1/*,2
/usr/bin/touch,/home/local/ASUAD/lhuan139/.vscode-server/.6c3e3dba23e8fadc360aed75ce363ba185c49794.token,9
/usr/bin/wget,/dev/null,36
/usr/lib/ubuntu-release-upgrader/release-upgrade-motd,/dev/null,9
/usr/lib/ubuntu-release-upgrader/release-upgrade-motd,/run/motd.dynamic.new,9
/usr/lib/update-notifier/update-motd-hwe-eol,/dev/null,18
/usr/sbin/sshd,/proc/self/loginuid,9
50-landscape-sy,/dev/null,9
90-updates-avai,/dev/null,9
APEX_CONTEXT_WO,/home/local/ASUAD/lhuan139/.dropbox/***,226
APEX_CONTEXT_WO,/home/local/ASUAD/lhuan139/.dropbox/apex.sqlite3-wal,324
APEX_CONTEXT_WO,/home/local/ASUAD/lhuan139/.dropbox/metrics/store.bin,1032
ActorThread,/home/local/ASUAD/lhuan139/.dropbox/instance1/sync_history.db,9360
ActorThread,/home/local/ASUAD/lhuan139/.dropbox/instance1/sync_history.db-journal,3060
DBXLOG_WORKER,/home/local/ASUAD/***,20
DBXLOG_WORKER,/home/local/ASUAD/lhuan139/.dropbox/**,18
DBXLOG_WORKER,/home/local/ASUAD/lhuan139/.dropbox/logs/1/~1-*,6
DBXLOG_WORKER,/home/local/ASUAD/lhuan139/.dropbox/logs/1/~1-63d4-65b86bdf,6
DBXLOG_WORKER,/home/local/ASUAD/lhuan139/.dropbox/logs/1/~1-9578-65b87934,6
HOURLY_REFRESH,/home/local/ASUAD/lhuan139/.dropbox/instance1/config.dbx,336
HOURLY_REFRESH,/home/local/ASUAD/lhuan139/.dropbox/instance1/config.dbx-journal,105
LIST_LEGACY,/home/local/ASUAD/lhuan139/.dropbox/instance1/config.dbx,3216
LIST_LEGACY,/home/local/ASUAD/lhuan139/.dropbox/instance1/config.dbx-journal,978
Linux,/ssd2/liangyi/dropbox/.dropbox.cache/*,295
Linux,/ssd2/liangyi/dropbox/.dropbox.cache/old_files/*,187
Linux,/ssd2/liangyi/dropbox/.dropbox.cache/old_files/00eb63a834a87be3df71fe3922acf5d0,2
Linux,/ssd2/liangyi/dropbox/.dropbox.cache/old_files/01694d9f900ac9a533df36f4abc5b99e,2
Linux,/ssd2/liangyi/dropbox/.dropbox.cache/old_files/01818d3b3c1343f704321b6b8280b25b,2
Linux,/ssd2/liangyi/dropbox/.dropbox.cache/old_files/01cada80f7679a316e9a70dfa357b5f9,2
Linux,/ssd2/liangyi/dropbox/.dropbox.cache/old_files/039c1f617dc1de50f6b1a8afc466ee1e,2
Linux,/ssd2/liangyi/dropbox/.dropbox.cache/old_files/03d3a58606ba011d13495176dbf3b92d,2
Linux,/ssd2/liangyi/dropbox/.dropbox.cache/old_files/03e091a99cbeb6f30f3cb1f38c153c36,2
Linux,/ssd2/liangyi/dropbox/.dropbox.cache/old_files/04464240a844f862803bed932b0ef425,2
Linux,/ssd2/liangyi/dropbox/.dropbox.cache/old_files/0457d3e95bf4044aa579954bb1db3706,2
Linux,/ssd2/liangyi/dropbox/.dropbox.cache/old_files/056a41b229a15412b3828283bdfb0760,2
Linux,/ssd2/liangyi/dropbox/.dropbox.cache/old_files/056e5baef0a907388854d0f05c6464a1,2
Linux,/ssd2/liangyi/dropbox/.dropbox.cache/old_files/065f0c57c3203637499eb36a020f257f,2
Linux,/ssd2/liangyi/dropbox/.dropbox.cache/old_files/0714d516118d8dc8bd983b9cb9d2f18f,2
Linux,/ssd2/liangyi/dropbox/.dropbox.cache/old_files/0875331524f687eb360141836982866a,2
Linux,/ssd2/liangyi/dropbox/.dropbox.cache/old_files/08954b0345c4a5b9cb2777b575b5c109,2
Linux,/ssd2/liangyi/dropbox/.dropbox.cache/old_files/08ac934a8ea182eb6fad4cc08aad8bc9,2
Linux,/ssd2/liangyi/dropbox/.dropbox.cache/old_files/08ff7945a81dce5f21eddb6c7f5f7aa8,2
Linux,/ssd2/liangyi/dropbox/.dropbox.cache/old_files/09dfc77057fa8fc06a538c6c0fa4e463,2
Linux,/ssd2/liangyi/dropbox/.dropbox.cache/old_files/0a1387a0c7839e13cad11e682c73cbb5,2
Linux,/ssd2/liangyi/dropbox/.dropbox.cache/old_files/0a379fb631a0c686db8c638e3f889b0e,2
Linux,/ssd2/liangyi/dropbox/.dropbox.cache/old_files/0bf684b0b85c5a221f8d58971d890c97,2
Linux,/ssd2/liangyi/dropbox/.dropbox.cache/old_files/0c2004aada194317d8f90504e186eea9,2
Linux,/ssd2/liangyi/dropbox/.dropbox.cache/old_files/0c61e1ea0d621fbf260bd7a6f8753049,2
Linux,/ssd2/liangyi/dropbox/.dropbox.cache/old_files/0cb4dc1263ed6ee36a41f5278e45b210,2
Linux,/ssd2/liangyi/dropbox/.dropbox.cache/old_files/0e7b9f1dbda1205b1652899d8800495b,2
Linux,/ssd2/liangyi/dropbox/.dropbox.cache/old_files/0eab2643a6e8025a1d88c63ccb0bb9ea,2
Linux,/ssd2/liangyi/dropbox/.dropbox.cache/old_files/0f1e2e425f51e67c75f9e234e75d8247,2
Linux,/ssd2/liangyi/dropbox/.dropbox.cache/old_files/100b795230b5b262b5d6a2beadfa69dd,2
Linux,/ssd2/liangyi/dropbox/.dropbox.cache/old_files/100c19112ef861332ade95dbac58aeeb,2
Linux,/ssd2/liangyi/dropbox/.dropbox.cache/old_files/1163218824b30931c026785b77fafd78,2
Linux,/ssd2/liangyi/dropbox/.dropbox.cache/old_files/13b9222cda74d0df006bfef862280cf0,2
Linux,/ssd2/liangyi/dropbox/.dropbox.cache/old_files/1447082d1b9e541faf1c8c22c971fee0,2
Linux,/ssd2/liangyi/dropbox/.dropbox.cache/old_files/14716fa8c4c5a73988287cffb4bd727a,2
Linux,/ssd2/liangyi/dropbox/.dropbox.cache/old_files/153eb49189576d3bd081839a7aac853b,2
Linux,/ssd2/liangyi/dropbox/.dropbox.cache/old_files/15ffe35ab0ae4efa6be56b6dcbc0341a,2
Linux,/ssd2/liangyi/dropbox/.dropbox.cache/old_files/16eb9805015d6175a99eaa854e047764,2
Linux,/ssd2/liangyi/dropbox/.dropbox.cache/old_files/1706d019e22c75e73286f7ed67190fa4,2
Linux,/ssd2/liangyi/dropbox/.dropbox.cache/old_files/1757cb8b3684a48bde543be9c7936d4b,2
Linux,/ssd2/liangyi/dropbox/.dropbox.cache/old_files/17b4de3b9c145ed763ceb7d3c0fdd695,2
Linux,/ssd2/liangyi/dropbox/.dropbox.cache/old_files/18145084d0ce09aa55b5d94c403963c1,2
Linux,/ssd2/liangyi/dropbox/.dropbox.cache/old_files/189bfd2df143606f26a0b293e51d7654,2
Linux,/ssd2/liangyi/dropbox/.dropbox.cache/old_files/18a4e9e4c7084c0fb282f991a8fb3aaf,2
Linux,/ssd2/liangyi/dropbox/.dropbox.cache/old_files/191a0be755a60fd8797375782d9a1c12,2
Linux,/ssd2/liangyi/dropbox/.dropbox.cache/old_files/19af3f14acf67df71b4bddd4656589ae,2
Linux,/ssd2/liangyi/dropbox/.dropbox.cache/old_files/1a5d57e68ef819b053174139ef0b9736,2
Linux,/ssd2/liangyi/dropbox/.dropbox.cache/old_files/1a6cc1da1da132c956fa4ed5022a2ccc,2
Linux,/ssd2/liangyi/dropbox/.dropbox.cache/old_files/1ad6e83e6ec0258318f8f2355c8beb88,2
Linux,/ssd2/liangyi/dropbox/.dropbox.cache/old_files/1af2220daba95982dba67c07d143846b,2
Linux,/ssd2/liangyi/dropbox/.dropbox.cache/old_files/1bd0b4c123220c2d602c39c521239011,2
Linux,/ssd2/liangyi/dropbox/.dropbox.cache/old_files/1c2b4a24f5d3865511fdb65f0ce6a50f,2
Linux,/ssd2/liangyi/dropbox/.dropbox.cache/old_files/1d3da8fd210f9f7a4633a1908f2f4537,2
Linux,/ssd2/liangyi/dropbox/.dropbox.cache/old_files/1d64f6fddedccba023a355cb46d64269,2
Linux,/ssd2/liangyi/dropbox/.dropbox.cache/old_files/1e4cadcb001ecd60555bf88e77e5a46a,2
Linux,/ssd2/liangyi/dropbox/.dropbox.cache/old_files/1ec15a2a3f3079a4a70163ac0248705d,2
Linux,/ssd2/liangyi/dropbox/.dropbox.cache/old_files/1f0f1e79c656a0811c556ee503216b08,2
Linux,/ssd2/liangyi/dropbox/.dropbox.cache/old_files/1f3a34a3985493b185ff63972adb8628,2
Linux,/ssd2/liangyi/dropbox/.dropbox.cache/old_files/1fca4dd34f4abb6d54a25f851ccf699f,2
Linux,/ssd2/liangyi/dropbox/.dropbox.cache/old_files/20ab82d6126f624906f4551114769fed,2
Linux,/ssd2/liangyi/dropbox/.dropbox.cache/old_files/216a88ff76a7947a64f0bda71f7c8e1e,2
Linux,/ssd2/liangyi/dropbox/.dropbox.cache/old_files/219974d6f3b779443b9a082cc277979c,2
Linux,/ssd2/liangyi/dropbox/.dropbox.cache/old_files/226b45f25a766cb7e50abf4d5b47c94d,2
Linux,/ssd2/liangyi/dropbox/.dropbox.cache/old_files/22a2370d81bec8c3f81fce2cf3b41963,2
Linux,/ssd2/liangyi/dropbox/.dropbox.cache/old_files/23e480374f971795e609c987331c8426,2
Linux,/ssd2/liangyi/dropbox/.dropbox.cache/old_files/251a7a46ef05aa1e584610d378dd05fc,2
Linux,/ssd2/liangyi/dropbox/.dropbox.cache/old_files/25cba83fb85fb8d6e18ac1fe3fba88fe,2
Linux,/ssd2/liangyi/dropbox/.dropbox.cache/old_files/25e4ac3444293e37128205f03c110f8f,2
Linux,/ssd2/liangyi/dropbox/.dropbox.cache/old_files/265f118b06154af3f1d20256cc7c7c9d,2
Linux,/ssd2/liangyi/dropbox/.dropbox.cache/old_files/267feaed0daf226dbd9b8c8c6aa25327,2
Linux,/ssd2/liangyi/dropbox/.dropbox.cache/old_files/26f5808de0e896cdb8019845fa9b14bf,2
Linux,/ssd2/liangyi/dropbox/.dropbox.cache/old_files/27870e11b08fe959dc8d9c33011b584d,2
Linux,/ssd2/liangyi/dropbox/.dropbox.cache/old_files/279986b3b3be6f23e9db3803518f0a52,2
Linux,/ssd2/liangyi/dropbox/.dropbox.cache/old_files/27db3dd4d733ad8314fb9e0134c8bfca,2
Linux,/ssd2/liangyi/dropbox/.dropbox.cache/old_files/2826ca55babd42c7c3117b72027d98bd,2
Linux,/ssd2/liangyi/dropbox/.dropbox.cache/old_files/287f62739861b5ea789a301f28b69afd,2
Linux,/ssd2/liangyi/dropbox/.dropbox.cache/old_files/29fb7f760bafad0080b42c69f5096410,2
Linux,/ssd2/liangyi/dropbox/.dropbox.cache/old_files/2a06029d666fa44e222c336c1d2d626f,2
Linux,/ssd2/liangyi/dropbox/.dropbox.cache/old_files/2cacf47043a99fa31e3da75d68531f27,2
Linux,/ssd2/liangyi/dropbox/.dropbox.cache/old_files/2d689efd26ffa799d4665adc4346bfee,2
Linux,/ssd2/liangyi/dropbox/.dropbox.cache/old_files/2dc77891fa600f49e147997af69b92d9,2
Linux,/ssd2/liangyi/dropbox/.dropbox.cache/old_files/2dd6a4ff6b6883de4ab45c19951a1135,2
Linux,/ssd2/liangyi/dropbox/.dropbox.cache/old_files/2e4481333acacd7ca1ec346409e7689e,2
Linux,/ssd2/liangyi/dropbox/.dropbox.cache/old_files/2fb26874e74ecda7e292fa6c105c992f,2
Linux,/ssd2/liangyi/dropbox/.dropbox.cache/old_files/2fb57759f3eeace7446f6d1ff3cf89bb,2
Linux,/ssd2/liangyi/dropbox/.dropbox.cache/old_files/2feb9a5dbab40e14237fa7c84aecf2f3,2
Linux,/ssd2/liangyi/dropbox/.dropbox.cache/old_files/2ffc0bff7ab545c43ce7aaf7065e435b,2
Linux,/ssd2/liangyi/dropbox/.dropbox.cache/old_files/30ec1d3c98060468da2fb74b47bf0463,2
Linux,/ssd2/liangyi/dropbox/.dropbox.cache/old_files/30efd0b5e9259e1f25eb1de5046ca075,2
Linux,/ssd2/liangyi/dropbox/.dropbox.cache/old_files/3100c36eeb3c206605424f7f6f8c8a97,2
Linux,/ssd2/liangyi/dropbox/.dropbox.cache/old_files/3142dcb9527422ce6a5751455760bd15,2
Linux,/ssd2/liangyi/dropbox/.dropbox.cache/old_files/319b1d1e070a9ae65c3af39df44327da,2
Linux,/ssd2/liangyi/dropbox/.dropbox.cache/old_files/319db1ded49b1f7e4d6c6636e324e3ba,2
Linux,/ssd2/liangyi/dropbox/.dropbox.cache/old_files/322dc152589625821901f994c37a42bb,2
Linux,/ssd2/liangyi/dropbox/.dropbox.cache/old_files/34213ef1d85c867db75dc0232af25c98,2
Linux,/ssd2/liangyi/dropbox/.dropbox.cache/old_files/34d00e944f81dab0a665cf63bdb8da1d,2
Linux,/ssd2/liangyi/dropbox/.dropbox.cache/old_files/34d38aa9bfb2a4e798c8faa42e2392da,2
Linux,/ssd2/liangyi/dropbox/.dropbox.cache/old_files/35ee7ca0253c07ab9b206674d7b40c88,2
Linux,/ssd2/liangyi/dropbox/.dropbox.cache/old_files/36fde053675cbac2aeaa6d5bf3aae55b,2
Linux,/ssd2/liangyi/dropbox/.dropbox.cache/old_files/3900c358a5fefad25cd53aa8440d0eb0,2
Linux,/ssd2/liangyi/dropbox/.dropbox.cache/old_files/3974d1d96a76d9900a97d19a72e1b5fc,2
Linux,/ssd2/liangyi/dropbox/.dropbox.cache/old_files/398180a4dc88f5927213ce5f38445dfb,2
Linux,/ssd2/liangyi/dropbox/.dropbox.cache/old_files/39bfdf28ad50aee502d31dcafa2feceb,2
Linux,/ssd2/liangyi/dropbox/.dropbox.cache/old_files/3a56420f9468312f4a7405eea3448333,2
Linux,/ssd2/liangyi/dropbox/.dropbox.cache/old_files/3a915fbf9a24cbb9cd9922ce9154ee6e,2
Linux,/ssd2/liangyi/dropbox/.dropbox.cache/old_files/3b932f0a73ee3ba7e1019c601b3c3484,2
Linux,/ssd2/liangyi/dropbox/.dropbox.cache/old_files/3be17924ee4a5caec588fbe2dec2ee32,2
Linux,/ssd2/liangyi/dropbox/.dropbox.cache/old_files/3dbd95bea442a8208ffb25656c29298e,2
Linux,/ssd2/liangyi/dropbox/.dropbox.cache/old_files/3df51594c18dd74d29df6e2e3ec6a7bb,2
Linux,/ssd2/liangyi/dropbox/.dropbox.cache/old_files/3f11abe01a9790d329fd1e828065dc01,2
Linux,/ssd2/liangyi/dropbox/.dropbox.cache/old_files/3fc58634047c74fdb4ac48659868470c,2
Linux,/ssd2/liangyi/dropbox/.dropbox.cache/old_files/3fc9a1af3e0d65f8ca580eb689bb500a,2
Linux,/ssd2/liangyi/dropbox/.dropbox.cache/old_files/401a26baf72d8913d4a53f136bff2291,2
Linux,/ssd2/liangyi/dropbox/.dropbox.cache/old_files/40211ac64e671211bbaf90a9bde1ce94,2
Linux,/ssd2/liangyi/dropbox/.dropbox.cache/old_files/416fe90c4a25edf1dd998866b80e2edc,2
Linux,/ssd2/liangyi/dropbox/.dropbox.cache/old_files/41e4874900b5e9b7a7427fbd64c844d3,2
Linux,/ssd2/liangyi/dropbox/.dropbox.cache/old_files/42bdf9aaea173e7515adb79923079f07,2
Linux,/ssd2/liangyi/dropbox/.dropbox.cache/old_files/4433a0ef05605014adc5cc56ed911e3e,2
Linux,/ssd2/liangyi/dropbox/.dropbox.cache/old_files/44e2339ae2b03936afde713242b805ee,2
Linux,/ssd2/liangyi/dropbox/.dropbox.cache/old_files/44f27702f9bf05c808eda5e03c06f607,2
Linux,/ssd2/liangyi/dropbox/.dropbox.cache/old_files/45b21db7fa1ceee7ba3ba88526269020,2
Linux,/ssd2/liangyi/dropbox/.dropbox.cache/old_files/464b81e5c471ccebb2ccf605deee8a2e,2
Linux,/ssd2/liangyi/dropbox/.dropbox.cache/old_files/4689d267b1f97573fc98bbf85636c8e0,2
Linux,/ssd2/liangyi/dropbox/.dropbox.cache/old_files/46b49279bf531a09f7092467a18bf989,2
Linux,/ssd2/liangyi/dropbox/.dropbox.cache/old_files/46e6798d3ebd632564c6463cdca2aa78,2
Linux,/ssd2/liangyi/dropbox/.dropbox.cache/old_files/47eed0ca66eb1afe30d7ac4c395c1e65,2
Linux,/ssd2/liangyi/dropbox/.dropbox.cache/old_files/47f7e32ce273ca4e11e2f6cc1e27f0dd,2
Linux,/ssd2/liangyi/dropbox/.dropbox.cache/old_files/48c2f7bf0d767fa0a667b0d5d168046e,2
Linux,/ssd2/liangyi/dropbox/.dropbox.cache/old_files/491ce852c5aa2588a9e7a52787c27a72,2
Linux,/ssd2/liangyi/dropbox/.dropbox.cache/old_files/4928b6f6d0422d1a6dd0067bbe219fa4,2
Linux,/ssd2/liangyi/dropbox/.dropbox.cache/old_files/4a0d1cc85a4321f815b7d92b07ba982c,2
Linux,/ssd2/liangyi/dropbox/.dropbox.cache/old_files/4a5b933f893a230cfd3b46ffc21999e6,2
Linux,/ssd2/liangyi/dropbox/.dropbox.cache/old_files/4ad5e20040f64f6696fdff9b29e3ae01,2
Linux,/ssd2/liangyi/dropbox/.dropbox.cache/old_files/4b531f96016128997937fb0e3300a098,2
Linux,/ssd2/liangyi/dropbox/.dropbox.cache/old_files/4b725565067b00e9a8dcf5779a9c4bdf,2
Linux,/ssd2/liangyi/dropbox/.dropbox.cache/old_files/4c17ed4e8737e9713e731676f625c144,2
Linux,/ssd2/liangyi/dropbox/.dropbox.cache/old_files/4c69cbffd2d6312fd7b4f228b15bf106,2
Linux,/ssd2/liangyi/dropbox/.dropbox.cache/old_files/4c998dd4769b70981058d340918a1406,2
Linux,/ssd2/liangyi/dropbox/.dropbox.cache/old_files/4cabc1ceed6a26fbffdb62e609df60d9,2
Linux,/ssd2/liangyi/dropbox/.dropbox.cache/old_files/4ccb90b87df4c4d89bf94f739d7c16b0,2
Linux,/ssd2/liangyi/dropbox/.dropbox.cache/old_files/4cec9076c2db1a46aae82bfaebfd3c93,2
Linux,/ssd2/liangyi/dropbox/.dropbox.cache/old_files/4d624d5d104c835ff68da6a54000a69b,2
Linux,/ssd2/liangyi/dropbox/.dropbox.cache/old_files/4de98c5f7f9572e41c7bb4e5195f8099,2
Linux,/ssd2/liangyi/dropbox/.dropbox.cache/old_files/4e203b420ef9ef542b5b10d4497f4ecb,2
Linux,/ssd2/liangyi/dropbox/.dropbox.cache/old_files/4f4adb53c6cb91d3f0f44aee36a02720,2
Linux,/ssd2/liangyi/dropbox/.dropbox.cache/old_files/4fd1355ec7568abf634dabe20bbd329c,2
Linux,/ssd2/liangyi/dropbox/.dropbox.cache/old_files/500717eccb5e2f631192490c2b778b63,2
Linux,/ssd2/liangyi/dropbox/.dropbox.cache/old_files/5019180e4e100ce300089acf1b240b1d,2
Linux,/ssd2/liangyi/dropbox/.dropbox.cache/old_files/5022128e70b2767842d5fa619ac647d4,2
Linux,/ssd2/liangyi/dropbox/.dropbox.cache/old_files/512fc418cb634a54469939d41737361d,2
Linux,/ssd2/liangyi/dropbox/.dropbox.cache/old_files/520f5b5d0e5a4cd12e640495e06a0a69,2
Linux,/ssd2/liangyi/dropbox/.dropbox.cache/old_files/5279ddb1609cc22171a4f038e3063004,2
Linux,/ssd2/liangyi/dropbox/.dropbox.cache/old_files/52def052e42662a0b78d5b295167cabd,2
Linux,/ssd2/liangyi/dropbox/.dropbox.cache/old_files/53abfcbd984b10363a4512b9fb592d5c,2
Linux,/ssd2/liangyi/dropbox/.dropbox.cache/old_files/53f9c7ed612a67e5e049bc392abc5933,2
Linux,/ssd2/liangyi/dropbox/.dropbox.cache/old_files/54ae7221cd7c0e78670a13862ddd7fe5,2
Linux,/ssd2/liangyi/dropbox/.dropbox.cache/old_files/54e40c30846f400aafb341ac855e88f5,2
Linux,/ssd2/liangyi/dropbox/.dropbox.cache/old_files/55d2e9a60562cfb895f8ad1cf32898c8,2
Linux,/ssd2/liangyi/dropbox/.dropbox.cache/old_files/561f7f053d3892e1f849a5176322dcc6,2
Linux,/ssd2/liangyi/dropbox/.dropbox.cache/old_files/5662fa05c2cdd0c40771ac6da1083684,2
Linux,/ssd2/liangyi/dropbox/.dropbox.cache/old_files/571e3640f07ba6b8c0020f034dfd63d6,2
Linux,/ssd2/liangyi/dropbox/.dropbox.cache/old_files/58b7dc5d405be8a6f331cdacfdff3c9f,2
Linux,/ssd2/liangyi/dropbox/.dropbox.cache/old_files/591e26924499078a4f2be5f0c65ed65e,2
Linux,/ssd2/liangyi/dropbox/.dropbox.cache/old_files/5947aa20b36156acfdd2c95eafae5971,2
Linux,/ssd2/liangyi/dropbox/.dropbox.cache/old_files/5953266b0ef61c514ee79df2bd225986,2
Linux,/ssd2/liangyi/dropbox/.dropbox.cache/old_files/5958c9cd37e8288ef4efc71c8388bb14,2
Linux,/ssd2/liangyi/dropbox/.dropbox.cache/old_files/5a0d443cffd39d3ef6a84903e7069111,2
Linux,/ssd2/liangyi/dropbox/.dropbox.cache/old_files/5aba2565a01e5f0f95cb828d86160466,2
Linux,/ssd2/liangyi/dropbox/.dropbox.cache/old_files/5b0f637ae6aca80e3af5effd1661783c,2
Linux,/ssd2/liangyi/dropbox/.dropbox.cache/old_files/5b86aa7f643fcc5e70c5225d37cd57d9,2
Linux,/ssd2/liangyi/dropbox/.dropbox.cache/old_files/5ba08f681f4f132653349657ebe05aa7,2
Linux,/ssd2/liangyi/dropbox/.dropbox.cache/old_files/5c4ea2e4115549b90180b1b9976a0a9b,2
Linux,/ssd2/liangyi/dropbox/.dropbox.cache/old_files/5c519f61c8721448a10d2ebae935a33f,2
Linux,/ssd2/liangyi/dropbox/.dropbox.cache/old_files/5c5c23309a0764d14f911efc9a0da44c,2
Linux,/ssd2/liangyi/dropbox/.dropbox.cache/old_files/5c704de3a928457c2c05b8b7bd7c40da,2
Linux,/ssd2/liangyi/dropbox/.dropbox.cache/old_files/5d10076cd1a1c06c71c74890ffba7559,2
Linux,/ssd2/liangyi/dropbox/.dropbox.cache/old_files/5d1619888a333ce40eedcd1aa8a1f2a2,2
Linux,/ssd2/liangyi/dropbox/.dropbox.cache/old_files/5e04724f51197e81d813f3d15c466925,2
Linux,/ssd2/liangyi/dropbox/.dropbox.cache/old_files/5e418ad35f68d59c7ec0f37a2428c69e,2
Linux,/ssd2/liangyi/dropbox/.dropbox.cache/old_files/5f2b2309d0ea745839882a30f875d239,2
Linux,/ssd2/liangyi/dropbox/.dropbox.cache/old_files/5f93b813d324e33296d7d20b951608de,2
Linux,/ssd2/liangyi/dropbox/.dropbox.cache/old_files/60c6f1c549a4f0161d107095d2ddd8b3,2
Linux,/ssd2/liangyi/dropbox/.dropbox.cache/old_files/60e49e088ef39595a945b7586eb142b3,2
Linux,/ssd2/liangyi/dropbox/.dropbox.cache/old_files/60f96a1b46d55a0ce2e68b47c0404728,2
Linux,/ssd2/liangyi/dropbox/.dropbox.cache/old_files/6159486f90c2e0cb86b1cfe65c31fc16,2
Linux,/ssd2/liangyi/dropbox/.dropbox.cache/old_files/6209e7e79bad5f090ac7c1f5c180145c,2
Linux,/ssd2/liangyi/dropbox/.dropbox.cache/old_files/62a2eed6507e6da808c7fe5ce9021576,2
Linux,/ssd2/liangyi/dropbox/.dropbox.cache/old_files/63ff92c2f322799e6230fdfd290c07e6,2
Linux,/ssd2/liangyi/dropbox/.dropbox.cache/old_files/64901cfaa657b46890468232d01b63de,2
Linux,/ssd2/liangyi/dropbox/.dropbox.cache/old_files/64daf8db38db12c6c2cbe8efcbb9fa77,2
Linux,/ssd2/liangyi/dropbox/.dropbox.cache/old_files/652c1f510034ffd3b02a290de445e9b1,2
Linux,/ssd2/liangyi/dropbox/.dropbox.cache/old_files/66c6e827e98efb579260c23ca75bc510,2
Linux,/ssd2/liangyi/dropbox/.dropbox.cache/old_files/66db025924156c5e227bb9df4d553aae,2
Linux,/ssd2/liangyi/dropbox/.dropbox.cache/old_files/6797044baf9ee614761ec465376e5016,2
Linux,/ssd2/liangyi/dropbox/.dropbox.cache/old_files/67a1268d85c8f2f7c1b27a513813b8ff,2
Linux,/ssd2/liangyi/dropbox/.dropbox.cache/old_files/67b8a2551f5c0dec3ae30df3db833928,2
Linux,/ssd2/liangyi/dropbox/.dropbox.cache/old_files/67bb8217a4128c28795dc556b2697066,2
Linux,/ssd2/liangyi/dropbox/.dropbox.cache/old_files/67f24b44a5c7f6625776bf0679d2292f,2
Linux,/ssd2/liangyi/dropbox/.dropbox.cache/old_files/682afb9e8355e2b80e92a78834354e4d,2
Linux,/ssd2/liangyi/dropbox/.dropbox.cache/old_files/696ed64db7424242b32ea578109ae443,2
Linux,/ssd2/liangyi/dropbox/.dropbox.cache/old_files/6a799d838d5cecf1d380f89aca72910e,2
Linux,/ssd2/liangyi/dropbox/.dropbox.cache/old_files/6ac3ab632e0a920abb0f9ca6c92651f9,2
Linux,/ssd2/liangyi/dropbox/.dropbox.cache/old_files/6aca27695359cee33984ed88eabf4074,2
Linux,/ssd2/liangyi/dropbox/.dropbox.cache/old_files/6b9ab70584fde3581da6a41c5d88669c,2
Linux,/ssd2/liangyi/dropbox/.dropbox.cache/old_files/6bd0956d752470f2bc7d70fc9f008bef,2
Linux,/ssd2/liangyi/dropbox/.dropbox.cache/old_files/6c661c73d9dcd98160db7d33a7bc952d,2
Linux,/ssd2/liangyi/dropbox/.dropbox.cache/old_files/6ce72502cf46c8721f85d395db2a5ad7,2
Linux,/ssd2/liangyi/dropbox/.dropbox.cache/old_files/6e192eab6f5854ea8fd05a1cd1cda806,2
Linux,/ssd2/liangyi/dropbox/.dropbox.cache/old_files/6e972e00db5c875227cfb6b2dd147422,2
Linux,/ssd2/liangyi/dropbox/.dropbox.cache/old_files/6f26e26cecb64358cef72b7d4190356d,2
Linux,/ssd2/liangyi/dropbox/.dropbox.cache/old_files/6f4e054c25b46bcac6be4f265da486db,2
Linux,/ssd2/liangyi/dropbox/.dropbox.cache/old_files/6fcb6beba4c8b90e2f6e9dd01bf5aa42,2
Linux,/ssd2/liangyi/dropbox/.dropbox.cache/old_files/70b4fd299a193119b6908991d0afd158,2
Linux,/ssd2/liangyi/dropbox/.dropbox.cache/old_files/7102253b2bbe1c4315d3dc0d2c6eedb0,2
Linux,/ssd2/liangyi/dropbox/.dropbox.cache/old_files/71de9c3485d567147200b0b067f0492c,2
Linux,/ssd2/liangyi/dropbox/.dropbox.cache/old_files/71e32bfba782a3f52805dcd7d763b08d,2
Linux,/ssd2/liangyi/dropbox/.dropbox.cache/old_files/7288c30c56f6e2089dfd15b0aa04f17a,2
Linux,/ssd2/liangyi/dropbox/.dropbox.cache/old_files/7306f56b460f58526cb2b7b3940bc077,2
Linux,/ssd2/liangyi/dropbox/.dropbox.cache/old_files/734a0a77fbe8208936fc4e759f3ad104,2
Linux,/ssd2/liangyi/dropbox/.dropbox.cache/old_files/735c6fdd64cf0781f41389076a812731,2
Linux,/ssd2/liangyi/dropbox/.dropbox.cache/old_files/73aad56c206ce502aea0cfda6af1ed09,2
Linux,/ssd2/liangyi/dropbox/.dropbox.cache/old_files/74550527fbf913d0886b475dffdd88cb,2
Linux,/ssd2/liangyi/dropbox/.dropbox.cache/old_files/74a24350feada4942420c88160740fe7,2
Linux,/ssd2/liangyi/dropbox/.dropbox.cache/old_files/75c00e63e19fee561944a465183e2d76,2
Linux,/ssd2/liangyi/dropbox/.dropbox.cache/old_files/764f2ca99b1b23f819b91d646637a5db,2
Linux,/ssd2/liangyi/dropbox/.dropbox.cache/old_files/78317572204d29af8a7616c100bc0cb6,2
Linux,/ssd2/liangyi/dropbox/.dropbox.cache/old_files/789219e40626216ac5dc7c4dd0bb14f1,2
Linux,/ssd2/liangyi/dropbox/.dropbox.cache/old_files/78cb4b9b5c908fad338074403ff64bfe,2
Linux,/ssd2/liangyi/dropbox/.dropbox.cache/old_files/798f6fccec4fe57e863eb8744f6ee85c,2
Linux,/ssd2/liangyi/dropbox/.dropbox.cache/old_files/7a12e34613d3a25a31c7e6210726fa48,2
Linux,/ssd2/liangyi/dropbox/.dropbox.cache/old_files/7a1316c7b86e697aa80b4e9d57988329,2
Linux,/ssd2/liangyi/dropbox/.dropbox.cache/old_files/7a279fc756705988db1d92b1bac44ce7,2
Linux,/ssd2/liangyi/dropbox/.dropbox.cache/old_files/7a82bfccb8060cd53e0b803923c7a606,2
Linux,/ssd2/liangyi/dropbox/.dropbox.cache/old_files/7ac567d07372328362f94e762b7ae3ff,2
Linux,/ssd2/liangyi/dropbox/.dropbox.cache/old_files/7ae7f2049fc26e1aba8587e5ae10b028,2
Linux,/ssd2/liangyi/dropbox/.dropbox.cache/old_files/7b3e6aea6f2724ac3db591526af4f954,2
Linux,/ssd2/liangyi/dropbox/.dropbox.cache/old_files/7be2f42e818dd3a6fd288f527d53f8f9,2
Linux,/ssd2/liangyi/dropbox/.dropbox.cache/old_files/7c318bd5905365bcdd6448f1f2e62565,2
Linux,/ssd2/liangyi/dropbox/.dropbox.cache/old_files/7d772070dd7ccfbf1632720818da1814,2
Linux,/ssd2/liangyi/dropbox/.dropbox.cache/old_files/7e8dde205b9d103844f64b4b2689bfbe,2
Linux,/ssd2/liangyi/dropbox/.dropbox.cache/old_files/7ff017f06f2f080fac2bd89470328b87,2
Linux,/ssd2/liangyi/dropbox/.dropbox.cache/old_files/807aa0480c09409d50d02b00f59ba680,2
Linux,/ssd2/liangyi/dropbox/.dropbox.cache/old_files/8191377316e7d50c0af7775180c4d2c8,2
Linux,/ssd2/liangyi/dropbox/.dropbox.cache/old_files/82103af3e15659c7985159062579582b,2
Linux,/ssd2/liangyi/dropbox/.dropbox.cache/old_files/82bf1d0034b37bb3a325563b580e92f7,2
Linux,/ssd2/liangyi/dropbox/.dropbox.cache/old_files/82caabf4ce0856e117cc48dcbf9c6410,2
Linux,/ssd2/liangyi/dropbox/.dropbox.cache/old_files/83ff48e9a9d22303eb9de3c1fc317652,2
Linux,/ssd2/liangyi/dropbox/.dropbox.cache/old_files/8419eb348ddee77774d17199ef33fef7,2
Linux,/ssd2/liangyi/dropbox/.dropbox.cache/old_files/8470e367a4a28f528ad307de11d8eeb2,2
Linux,/ssd2/liangyi/dropbox/.dropbox.cache/old_files/8479dc96b66bee9290ba12561e31cdc4,2
Linux,/ssd2/liangyi/dropbox/.dropbox.cache/old_files/847fa38c2ba46be2d24837f073a6f4c9,2
Linux,/ssd2/liangyi/dropbox/.dropbox.cache/old_files/84b0b02e9106116d584c53c683fe68c1,2
Linux,/ssd2/liangyi/dropbox/.dropbox.cache/old_files/85bca7ddbdbaf71b295a71b6dc4da6a3,2
Linux,/ssd2/liangyi/dropbox/.dropbox.cache/old_files/86178cc7c4822c15095dfe163f5c914f,2
Linux,/ssd2/liangyi/dropbox/.dropbox.cache/old_files/8628bd69b7f38d7b79994f70df3de9fb,2
Linux,/ssd2/liangyi/dropbox/.dropbox.cache/old_files/86796b4d3536d0817ec96bd4d2ab39cb,2
Linux,/ssd2/liangyi/dropbox/.dropbox.cache/old_files/86dcbbe0089dd086ac58fa63b409d0d5,2
Linux,/ssd2/liangyi/dropbox/.dropbox.cache/old_files/879dab1eb9638d7da41c219a83330cb3,2
Linux,/ssd2/liangyi/dropbox/.dropbox.cache/old_files/87f66f768f939295960d7e244bfac38f,2
Linux,/ssd2/liangyi/dropbox/.dropbox.cache/old_files/8806de25e3b325837cf6aa4050869655,2
Linux,/ssd2/liangyi/dropbox/.dropbox.cache/old_files/88aff09405e728b47dc3bc98806ea66c,2
Linux,/ssd2/liangyi/dropbox/.dropbox.cache/old_files/89324c153f644b577fb194a2312beeff,2
Linux,/ssd2/liangyi/dropbox/.dropbox.cache/old_files/89ae03431ba1fbb4954bab1dbfd326d9,2
Linux,/ssd2/liangyi/dropbox/.dropbox.cache/old_files/8a69166d30da885d63283ff709ef788c,2
Linux,/ssd2/liangyi/dropbox/.dropbox.cache/old_files/8bd354ca0ac648c7ee4fcdaf33491321,2
Linux,/ssd2/liangyi/dropbox/.dropbox.cache/old_files/8cbeeb351b48b3a78f971fe44f09838c,2
Linux,/ssd2/liangyi/dropbox/.dropbox.cache/old_files/8cd8b7fe8368da716d0777b645c17724,2
Linux,/ssd2/liangyi/dropbox/.dropbox.cache/old_files/8d42b01eb775ddc29589f6b65ccd6c9a,2
Linux,/ssd2/liangyi/dropbox/.dropbox.cache/old_files/8d751c1c50d40e4c71d1b14601e43067,2
Linux,/ssd2/liangyi/dropbox/.dropbox.cache/old_files/8db767ea3b6e52c9b32416f33ff53fc5,2
Linux,/ssd2/liangyi/dropbox/.dropbox.cache/old_files/8e8d73a527957203f745f2726788268b,2
Linux,/ssd2/liangyi/dropbox/.dropbox.cache/old_files/8f01b4566eb2b07d494b2a6f0f25dd91,2
Linux,/ssd2/liangyi/dropbox/.dropbox.cache/old_files/90392a3471ecba14991275a1ae8e8ba8,2
Linux,/ssd2/liangyi/dropbox/.dropbox.cache/old_files/90cc9e6da6ca581fcf163c1b883f8f86,2
Linux,/ssd2/liangyi/dropbox/.dropbox.cache/old_files/915f0b1892f931fde72f56dd36a57f4d,2
Linux,/ssd2/liangyi/dropbox/.dropbox.cache/old_files/91f6eaf7013e65cf58b5da8f8533e992,2
Linux,/ssd2/liangyi/dropbox/.dropbox.cache/old_files/933358e2178c750bd6e47aa95884d3b2,2
Linux,/ssd2/liangyi/dropbox/.dropbox.cache/old_files/93795a513ea162fdb598e5e1f6e1d2de,2
Linux,/ssd2/liangyi/dropbox/.dropbox.cache/old_files/93870fe577e2ce99b71f3f6f59570ca4,2
Linux,/ssd2/liangyi/dropbox/.dropbox.cache/old_files/94534fa1a9e89e4d7de814740d1db5e1,2
Linux,/ssd2/liangyi/dropbox/.dropbox.cache/old_files/94955e77e78a120289639b0e766c823c,2
Linux,/ssd2/liangyi/dropbox/.dropbox.cache/old_files/958823f2805332b6942a1b6df273dc14,2
Linux,/ssd2/liangyi/dropbox/.dropbox.cache/old_files/95a91be42193abfaf6b218a0e437bfb2,2
Linux,/ssd2/liangyi/dropbox/.dropbox.cache/old_files/96fd8182657bd4f78ec2b8f6a51ff688,2
Linux,/ssd2/liangyi/dropbox/.dropbox.cache/old_files/96fd976c3a3ba5c412a80aa310019d44,2
Linux,/ssd2/liangyi/dropbox/.dropbox.cache/old_files/986bc3ac9ff633df84aa6df8e82cce89,2
Linux,/ssd2/liangyi/dropbox/.dropbox.cache/old_files/99a5e3aa6b660dc149564c06cbe81c40,2
Linux,/ssd2/liangyi/dropbox/.dropbox.cache/old_files/99c7402cdbe53eb7854ddb6ed858d937,2
Linux,/ssd2/liangyi/dropbox/.dropbox.cache/old_files/9b488c1e7b0afb5fec069965876ddfda,2
Linux,/ssd2/liangyi/dropbox/.dropbox.cache/old_files/9b89bf06ca111366754e2280b2db6c33,2
Linux,/ssd2/liangyi/dropbox/.dropbox.cache/old_files/9bf88329253fd57b9b7db85a047efe0c,2
Linux,/ssd2/liangyi/dropbox/.dropbox.cache/old_files/9c553b09d8d0040d6ea7db07e6978db5,2
Linux,/ssd2/liangyi/dropbox/.dropbox.cache/old_files/9d6afea199716ab7573a0cb18c8564e2,2
Linux,/ssd2/liangyi/dropbox/.dropbox.cache/old_files/9e779129daa696c7a9ce35e1d1b0d15f,2
Linux,/ssd2/liangyi/dropbox/.dropbox.cache/old_files/9ed7bc7a2596a0582d4a4e24fa865db9,2
Linux,/ssd2/liangyi/dropbox/.dropbox.cache/old_files/9ee2458cccc2e09e726b1e51805e8897,2
Linux,/ssd2/liangyi/dropbox/.dropbox.cache/old_files/9fabb1eba98d605851f41f429aebf5fe,2
NUCLEUS_CONTROL,/home/local/ASUAD/lhuan139/.dropbox/instance1/sync/nucleus.sqlite3,58595
NUCLEUS_CONTROL,/home/local/ASUAD/lhuan139/.dropbox/instance1/sync/nucleus.sqlite3-wal,15934
NetworkManager,/var/lib/NetworkManager/*,18
NetworkManager,/var/lib/NetworkManager/timestamps.*,162
NetworkManager,/var/lib/NetworkManager/timestamps.1R79H2,4
NetworkManager,/var/lib/NetworkManager/timestamps.3S29H2,4
NetworkManager,/var/lib/NetworkManager/timestamps.4849H2,4
NetworkManager,/var/lib/NetworkManager/timestamps.5L59H2,4
NetworkManager,/var/lib/NetworkManager/timestamps.5R78H2,4
NetworkManager,/var/lib/NetworkManager/timestamps.5WCAI2,4
NetworkManager,/var/lib/NetworkManager/timestamps.64AAI2,4
NetworkManager,/var/lib/NetworkManager/timestamps.6539H2,4
NetworkManager,/var/lib/NetworkManager/timestamps.7639H2,4
RTRACE,/home/local/ASUAD/lhuan139/.dropbox/instance1/config.dbx,1317
RTRACE,/home/local/ASUAD/lhuan139/.dropbox/instance1/config.dbx-journal,447
atop,/var/log/atop/atop_20240129,189
bash,/dev/null,36
bash,/home/local/ASUAD/lhuan139/.vscode-server/.6c3e3dba23e8fadc360aed75ce363ba185c49794.log,9
cron,/proc/self/loginuid,108
dbus-daemon,/sys/kernel/security/apparmor/.access,27
dockerd,/var/lib/docker/containers/2ca09088ee12d24c6074438520f2eb92156db6d3a50bbac177f5205b06a5937c/2ca09088ee12d24c6074438520f2eb92156db6d3a50bbac177f5205b06a5937c-json.log,9
gateway,/dev/pts/0,9
gvfsd-fuse,/dev/fuse,91341
irqbalance,/proc/*/smp_affinity,18
irqbalance,/proc/irq/172/smp_affinity,12
irqbalance,/proc/irq/179/smp_affinity,6
landscape-monit,/var/log/landscape/monitor.log.1 (deleted,63
lightdm-gtk-gre,/var/log/lightdm/seat0-greeter.log,774
lwsmd,/tmp/tktvsJnTL,927
lwsmd,/var/lib/pbis/krb5cc_lsass.FULTON.AD.ASU.EDU,10440
postgres,/proc/self/oom_score_adj,5373
python,/home/local/ASUAD/lhuan139/.cache/pip/***/**,28
python,/home/local/ASUAD/lhuan139/.cache/pip/http-*/*/*,40
python,/home/local/ASUAD/lhuan139/.cache/pip/http-v2/2/1/7/**,12
python,/home/local/ASUAD/lhuan139/.cache/pip/http-v2/2/1/7/d/*,4
python,/home/local/ASUAD/lhuan139/.cache/pip/http-v2/2/c/c/1/*,4
python,/home/local/ASUAD/lhuan139/.cache/pip/http-v2/e/d/b/3/**,12
python,/home/local/ASUAD/lhuan139/.cache/pip/http-v2/e/d/b/3/b/*,4
python,/home/local/ASUAD/lhuan139/.cache/pip/http-v2/f/9/c/4/3/*,4
python,/home/local/ASUAD/lhuan139/.cache/pip/wheels/0f/8e/9d/7003eed35a84cf960876aae6bdf60d02041ddfcca66eceee94/origin.json,14
python,/ssd2/liangyi/miniconda/envs/gpupower/***,621
python,/ssd2/liangyi/miniconda/envs/gpupower/docx-**,38
python,/ssd2/liangyi/miniconda/envs/gpupower/docx-*/*/*,489
python,/ssd2/liangyi/miniconda/envs/gpupower/docx-template/*/*,10
python,/ssd2/liangyi/miniconda/envs/gpupower/docx-template/_rels/.rels,4
python,/ssd2/liangyi/miniconda/envs/gpupower/docx-template/word/theme/theme1.xml,12
python,/ssd2/liangyi/miniconda/envs/gpupower/lib/python3.9/site-**,219
python,/ssd2/liangyi/miniconda/envs/gpupower/lib/python3.9/site-packages/*-info/*,29
python,/ssd2/liangyi/miniconda/envs/gpupower/lib/python3.9/site-packages/*,366
python,/ssd2/liangyi/miniconda/envs/gpupower/lib/python3.9/site-packages/docx/*,178
python,/ssd2/liangyi/miniconda/envs/gpupower/lib/python3.9/site-packages/docx/*/*,146
python,/ssd2/liangyi/miniconda/envs/gpupower/lib/python3.9/site-packages/docx/*/*/*,14
python,/ssd2/liangyi/miniconda/envs/gpupower/lib/python3.9/site-packages/docx/templates/****,192
python,/ssd2/liangyi/miniconda/envs/gpupower/lib/python3.9/site-packages/docx/templates/**,16
python,/ssd2/liangyi/miniconda/envs/gpupower/lib/python3.9/site-packages/docx/templates/default-***,90
python,/ssd2/liangyi/miniconda/envs/gpupower/lib/python3.9/site-packages/docx/templates/default-docx-template/*/*,40
python,/ssd2/liangyi/miniconda/envs/gpupower/lib/python3.9/site-packages/docx/templates/default-docx-template/word/theme/theme1.xml,4
python,/tmp/*,105
python,/tmp/kuxcjrpr,12
python,/tmp/pip-*-*/*,10
python,/tmp/pip-build-tracker-6sydtbij/ce13e155f40e5d619f43fd1f95044e63577dba8172ff69e315df264a,12
python,/tmp/pip-install-4ogjdm9i/**,87
python,/tmp/pip-install-4ogjdm9i/docx_beb5e670aab54f30a2d6c982da8fbb9d/*,21
python,/tmp/pip-install-4ogjdm9i/docx_beb5e670aab54f30a2d6c982da8fbb9d/PKG-INFO,9
python,/tmp/pip-install-4ogjdm9i/docx_beb5e670aab54f30a2d6c982da8fbb9d/build/bdist.linux-x86_64,6
python,/tmp/pip-install-4ogjdm9i/docx_beb5e670aab54f30a2d6c982da8fbb9d/build/lib,3
python,/tmp/pip-install-4ogjdm9i/docx_beb5e670aab54f30a2d6c982da8fbb9d/build/lib/docx.py,3
python,/tmp/pip-install-4ogjdm9i/docx_beb5e670aab54f30a2d6c982da8fbb9d/docx.egg-**,45
python,/tmp/pip-install-4ogjdm9i/docx_beb5e670aab54f30a2d6c982da8fbb9d/docx.egg-info,3
python,/tmp/pip-install-4ogjdm9i/docx_beb5e670aab54f30a2d6c982da8fbb9d/docx.egg-info/*,12
python,/tmp/pip-install-4ogjdm9i/docx_beb5e670aab54f30a2d6c982da8fbb9d/docx.egg-info/PKG-INFO,9
python,/tmp/pip-install-4ogjdm9i/docx_beb5e670aab54f30a2d6c982da8fbb9d/template/*,2
python,/tmp/pip-install-4ogjdm9i/docx_beb5e670aab54f30a2d6c982da8fbb9d/template/docProps/thumbnail.jpeg,9
python,/tmp/pip-install-4ogjdm9i/docx_beb5e670aab54f30a2d6c982da8fbb9d/template/word/*,13
python,/tmp/pip-install-4ogjdm9i/docx_beb5e670aab54f30a2d6c982da8fbb9d/template/word/theme/theme1.xml,18
python,/tmp/pip-pip-egg-info-fr7sbop4/docx.egg-info,48
python,/tmp/pip-pip-egg-info-fr7sbop4/docx.egg-info/PKG-INFO,6
python,/tmp/pip-unpack-*/python_docx-1.1.0-py3-none-*,29
python,/tmp/pip-unpack-kyxy5_ma/python_docx-1.1.0-py3-none-any.whl.metadata,6
python,/tmp/pip-unpack-w6odxnj1/docx-0.2.4.tar.gz,6
python,/tmp/pip-unpack-xco4lvo1/python_docx-1.1.0-py3-none-any.whl,52
python,/tmp/sgi5y8md,12
python,/tmp/tmphevk9d_m,12
python,/tmp/tmphnq09ops,12
python,/tmp/tmpq5lfj21l,150
python,/tmp/tmpsc62ojk6,12
redis-server,/var/log/redis/redis-server.log,36720
rs:main,/var/log/*,2862
rs:main,/var/log/auth.log,81
rs:main,/var/log/syslog,2781
snapd,/var/lib/snapd/state.json.bhQTh269w6P4~,18
sshd,/proc/self/oom_score_adj,18
systemd,/run/systemd/transient/session-8461.scope,18
systemd,/sys/fs/*/*/*/cgroup.procs,10
systemd,/sys/fs/*/*/cgroup.procs,50
systemd,/sys/fs/*/user-1941170413.slice/session-8461.scope/cgroup.procs,14
systemd,/sys/fs/cgroup/*/system.slice/anacron.service/cgroup.procs,18
systemd,/sys/fs/cgroup/*/user.slice/cgroup.procs,4
systemd,/sys/fs/cgroup/*/user.slice/user-1941170413.slice/session-8461.scope/*,2
systemd,/sys/fs/cgroup/*/user.slice/user-1941170413.slice/session-8461.scope/cgroup.procs,5
systemd,/sys/fs/cgroup/cpu/system.slice/anacron.service/*,6
systemd,/sys/fs/cgroup/devices/system.slice/anacron.service/devices.allow,6
systemd,/sys/fs/cgroup/memory/system.slice/anacron.service/memory.limit_in_bytes,6
systemd,/sys/fs/cgroup/pids/system.slice/anacron.service/pids.max,6
systemd,/sys/fs/cgroup/pids/user.slice/user-1941170413.slice/session-8461.scope/pids.max,2
systemd-journal,/run/systemd/journal/*,4
systemd-journal,/run/systemd/journal/streams/.#8:136724090kxyDMp,4
systemd-journal,/run/systemd/journal/streams/.#8:1368005675aqoCn,4
systemd-logind,/run/systemd/*,30
systemd-logind,/run/systemd/sessions/.#8461VBG3PZ,6
systemd-logind,/run/systemd/sessions/.#8461hbyS13,6
systemd-logind,/run/systemd/sessions/.#8461wjs8w2,6
systemd-logind,/run/systemd/users/.#19411704134Ppyg3,6
systemd-logind,/run/systemd/users/.#1941170413fjkes2,6
tlsmgr,/var/lib/postfix/prng_exch,36
update-motd-hwe,/dev/null,9
